"","x","cluster_hits","aggInv_cover","aggInv_pval","aggInv_pval_jk","aggInv_fdr","sumz_n","sumz_pval","sumz_fdr","sumlog_n","sumlog_pval","sumlog_fdr"
"1","hsa-miR-452-5p/hsa-miR-892c-3p",1,0.216593736677038,2.37595203907974e-11,4.04862433141717e-11,3.05206892029595e-09,"60",0.0007585,0.16649075,"60",1.514e-06,0.000370955
"2","hsa-miR-132-3p/hsa-miR-212-3p",2,-0.530629313309391,0.0626085048897611,0.0660388605538087,0.239001162144393,"60",0.8185,1,"60",1.69e-06,0.000370955
"3","hsa-miR-325-3p",1,-0.32751392765421,2.78092840118082e-11,5.23624520307398e-11,3.05206892029595e-09,"60",0.3262,1,"60",8.384e-06,0.00122685866666667
"4","hsa-miR-374c-3p",0,0.307436340122858,1.25721277975672e-14,2.36573109506631e-14,2.759582051566e-12,"60",0.0002821,0.1238419,"60",8.826e-05,0.009686535
"5","hsa-miR-3121-3p",1,-1.1014909229352,9.58969487553956e-06,1.35054850117021e-05,0.000183038089146168,"60",0.9999,1,"60",0.0004462,0.03917636
"6","hsa-miR-335-5p",2,-0.572834693011859,2.38323881699519e-08,3.78608811840939e-08,8.0480141589299e-07,"60",0.8918,1,"60",0.002588,0.189355333333333
"7","hsa-miR-339-5p",3,-0.706531516198717,0.000111542279224227,0.000141873848968642,0.00132343406971448,"60",0.9885,1,"60",0.003652,0.229032571428571
"8","hsa-miR-599",0,-0.41057661697945,9.26155173641245e-09,1.4635361604134e-08,5.08227651535633e-07,"60",0.6578,1,"60",0.00549,0.30126375
"9","hsa-miR-1278",1,-0.810163330292006,8.05260691115246e-06,1.10424504403944e-05,0.000160686110636179,"60",0.9979,1,"60",0.02161,1
"10","hsa-miR-524-5p",1,-1.7229984220751,0.00243820705932058,0.00292972047933861,0.0191138017686024,"60",1,1,"60",0.02303,1
"11","hsa-miR-410-3p",0,-1.19999374827302,4.0561520982373e-15,1.22619860642656e-14,1.78065077112617e-12,"60",1,1,"60",0.0266,1
"12","hsa-miR-1251-5p",0,-0.997081860055794,1.28953309011423e-08,2.17180809708264e-08,5.66105026560148e-07,"60",0.9999,1,"60",0.07482,1
"13","hsa-miR-191-5p",0,-0.807555377836116,5.95346109445057e-09,9.86460327674209e-09,3.73367060066257e-07,"60",0.9957,1,"60",0.08545,1
"14","hsa-miR-429/hsa-miR-200b-3p/hsa-miR-200c-3p",0,-0.162672351161329,0.00122867811254142,0.00138846022485537,0.0109044253664611,"60",0.4076,1,"60",0.08813,1
"15","hsa-miR-4766-3p",1,-1.17501398726226,0.000102245203439779,0.000131981698925613,0.00127256750618525,"60",1,1,"60",0.1153,1
"16","hsa-miR-1307-3p",1,-1.07943769429314,0.033868476791827,0.0361894252512569,0.149794963017045,"60",1,1,"60",0.1475,1
"17","hsa-miR-381-3p",0,-0.960485644151721,4.81378376146013e-08,7.67651343769794e-08,1.509465050915e-06,"60",0.9998,1,"60",0.1717,1
"18","hsa-miR-556-3p",0,-1.09265323696813,2.96702744081835e-09,5.13192129388394e-09,2.17087507753209e-07,"60",1,1,"60",0.2881,1
"19","hsa-miR-216a-5p",0,-1.08138364822697,1.61130555741168e-08,2.69959388810856e-08,6.43057399730662e-07,"60",1,1,"60",0.309,1
"20","hsa-miR-641/hsa-miR-3617-5p",0,-1.15449461981338,0.000216503008924966,0.000268478407485006,0.0023761205229515,"60",1,1,"60",0.3167,1
"21","hsa-miR-519d-3p/hsa-miR-17-5p/hsa-miR-20a-5p/hsa-miR-106b-5p/hsa-miR-106a-5p/hsa-miR-20b-5p/hsa-miR-93-5p",1,-0.52739987288378,0.0207363442796237,0.0221931560529459,0.106628047811769,"60",0.9913,1,"60",0.3259,1
"22","hsa-miR-154-5p",0,-0.894216922211902,1.91914919128407e-09,3.23718709593698e-09,1.68501298994741e-07,"60",0.9998,1,"60",0.3747,1
"23","hsa-miR-503-5p",1,-0.533705602500689,0.388881018554418,0.390447876294621,0.879993645079328,"60",0.9866,1,"60",0.3833,1
"24","hsa-miR-4524a-5p/hsa-miR-4524b-5p",0,-0.873840806451733,0.175932197123043,0.179844420580227,0.517178295172272,"60",0.9999,1,"60",0.4141,1
"25","hsa-miR-5009-3p",0,-1.75572113624137,2.91307833958056e-06,4.42485243755767e-06,7.52259641809332e-05,"60",1,1,"60",0.4181,1
"26","hsa-miR-519c-3p/hsa-miR-519a-3p",0,-0.985146191568631,0.0424896667296839,0.0452261930526746,0.174326763498423,"60",1,1,"60",0.4562,1
"27","hsa-miR-499b-5p",0,-0.905687436714999,7.01432951164565e-05,8.80514297621467e-05,0.000962278329878887,"60",0.9998,1,"60",0.4601,1
"28","hsa-miR-383-5p.2",0,-0.982055590536725,2.11341080302032e-05,2.76839038427198e-05,0.000331352622330686,"60",1,1,"60",0.4713,1
"29","hsa-miR-150-5p",1,-1.0494588501356,1.6685316171173e-05,2.20672760184552e-05,0.000271290881449813,"60",1,1,"60",0.5355,1
"30","hsa-miR-2278",0,-1.12863385709102,0.00728603194921514,0.00812289364302056,0.0463560583435572,"60",1,1,"60",0.5613,1
"31","hsa-miR-532-5p",0,-0.686160732881076,0.00049534923467186,0.000583789715909057,0.00494223440956697,"60",0.9971,1,"60",0.6087,1
"32","hsa-miR-345-5p",0,-1.77433650322047,1.8986607589674e-08,3.56950744168857e-08,6.9459339432224e-07,"60",1,1,"60",0.667,1
"33","hsa-miR-4661-5p",0,-0.667534288667162,0.00012143921070114,0.000147092676436158,0.00140294246046843,"60",0.9955,1,"60",0.6746,1
"34","hsa-miR-624-3p",0,-1.9048528633234,0.239154814377945,0.243225125219866,0.648080021678506,"60",1,1,"60",0.7227,1
"35","hsa-miR-215-5p/hsa-miR-192-5p",0,-0.75473177362876,7.52967361114256e-06,9.82674102775304e-06,0.000157406034061504,"60",0.9995,1,"60",0.7269,1
"36","hsa-miR-370-3p",0,-0.67322931884532,4.72028998405247e-06,6.20918865170526e-06,0.000109063542263107,"60",0.9979,1,"60",0.733,1
"37","hsa-miR-769-5p",0,-1.56896845645345,0.0104845459166294,0.0116731527086176,0.0621988602351393,"60",1,1,"60",0.7654,1
"38","hsa-miR-4424",0,-0.857530887218419,0.000104356333081251,0.000128481192331852,0.00127256750618525,"60",0.9999,1,"60",0.7871,1
"39","hsa-miR-371a-5p",1,-2.87216292125399,0.00125500301879454,0.00160083580715573,0.0109044253664611,"60",1,1,"60",0.7932,1
"40","hsa-miR-330-3p",1,-1.71246142548722,5.39286518921108e-05,7.29384600003154e-05,0.000789155939354555,"60",1,1,"60",0.8009,1
"41","hsa-miR-10a-5p/hsa-miR-10b-5p",1,-1.18670819882666,0.0746612851602477,0.0781996342473599,0.270878546986353,"60",1,1,"60",0.8157,1
"42","hsa-miR-214-3p/hsa-miR-3619-5p",0,-0.722336757201728,0.587700351550752,0.586444716365102,0.999999999997404,"60",0.9997,1,"60",0.871,1
"43","hsa-miR-629-5p",0,-1.05233386996236,0.0414938520129308,0.0441868917240198,0.171847179562987,"60",1,1,"60",0.8754,1
"44","hsa-miR-5691",0,-1.07238974479255,5.35813008225209e-06,7.28345797219037e-06,0.000117610955305433,"60",1,1,"60",0.8891,1
"45","hsa-miR-218-5p",0,-0.479264982264437,0.00690097729217704,0.00752137953186654,0.0445518975186135,"60",0.9925,1,"60",0.8973,1
"46","hsa-miR-545-3p",1,-1.25539666077529,0.629907350714946,0.627934188967129,0.999999999997404,"60",1,1,"60",0.9123,1
"47","hsa-miR-6835-3p",0,-1.25648230646903,0.00384004572455187,0.00436150289589625,0.0271900011786818,"60",1,1,"60",0.9193,1
"48","hsa-miR-942-5p",0,-1.14706882004724,0.0190086648614236,0.0206213649699415,0.100539805712831,"60",1,1,"60",0.9275,1
"49","hsa-miR-483-3p.1",0,-0.957203868936267,0.0237837754183308,0.0255104442705866,0.117253607313516,"60",1,1,"60",0.9376,1
"50","hsa-miR-214-5p",0,-0.966796420306927,0.000352856002288644,0.000421774695510947,0.00368818535725511,"60",1,1,"60",0.9382,1
"51","hsa-miR-642a-3p/hsa-miR-642b-3p",0,-1.34051710370729,0.00288403213396491,0.00331929903186688,0.0216922093520517,"60",1,1,"60",0.9415,1
"52","hsa-miR-1296-5p",0,-0.617602780340984,0.000670912274574256,0.000773621769755097,0.00654512196751329,"60",0.9979,1,"60",0.9428,1
"53","hsa-miR-1224-5p",0,-1.51171495985018,0.00373810164844194,0.00429326245823615,0.0269020757978035,"60",1,1,"60",0.9476,1
"54","hsa-miR-802",0,-0.671970099305385,9.1332705247353e-05,0.000110910812124495,0.00121500174556327,"60",0.9989,1,"60",0.9477,1
"55","hsa-miR-7-5p",1,-1.4324907381185,0.71210318927801,0.708859236161112,0.999999999997404,"60",1,1,"60",0.9513,1
"56","hsa-miR-2116-3p",1,-1.05821815869383,0.00180804559615854,0.00207233971649488,0.014976075787049,"60",1,1,"60",0.9522,1
"57","hsa-miR-512-3p",0,-1.39764592120659,0.285060729626412,0.288384061834216,0.715095201748542,"60",1,1,"60",0.9531,1
"58","hsa-miR-1197",0,-1.56028121648186,0.200721216585949,0.205033681198923,0.568494284395043,"60",1,1,"60",0.9537,1
"59","hsa-miR-489-3p",0,-1.73762314034652,0.000274517711551879,0.000344875664370268,0.00293934817978719,"60",1,1,"60",0.9565,1
"60","hsa-miR-509-3p",0,-1.42669482547698,0.0338384617411222,0.0361832706083545,0.149794963017045,"60",1,1,"60",0.9639,1
"61","hsa-miR-493-3p",0,-0.866746461519246,0.00685176371835188,0.00753000169192417,0.0445518975186135,"60",1,1,"60",0.9683,1
"62","hsa-miR-140-3p.2",0,-0.900675974302123,0.0998475825149336,0.10313890927212,0.339791385457797,"60",1,1,"60",0.9691,1
"63","hsa-miR-504-5p.1",0,-1.447144088883,0.00661421925907476,0.00742777778498234,0.0439945796171791,"60",1,1,"60",0.9717,1
"64","hsa-miR-522-3p",0,-1.35826561024147,0.00143968741612684,0.00167509916816412,0.0121542841476862,"60",1,1,"60",0.9725,1
"65","hsa-miR-4677-3p",0,-1.29942541702963,0.162984206472255,0.166893978227968,0.500350116372867,"60",1,1,"60",0.9795,1
"66","hsa-miR-493-5p",0,-0.918081030559466,0.0208884102774763,0.0223533861264997,0.106628047811769,"60",1,1,"60",0.9817,1
"67","hsa-miR-3174",0,-1.15974171190868,0.00775815090888734,0.00857136994038127,0.0486546892714506,"60",1,1,"60",0.9839,1
"68","hsa-miR-873-5p.1",0,-1.64186672726304,0.00291535387647164,0.00333378312642235,0.0216922093520517,"60",1,1,"60",0.9853,1
"69","hsa-miR-542-3p",0,-0.830746639764682,0.0403057086200492,0.0424540843742165,0.168516248420968,"60",1,1,"60",0.9879,1
"70","hsa-miR-30e-5p/hsa-miR-30b-5p/hsa-miR-30a-5p/hsa-miR-30c-5p/hsa-miR-30d-5p",0,-1.09683635021909,0.304390517993682,0.307410441257681,0.738273134802356,"60",1,1,"60",0.9882,1
"71","hsa-miR-3909",0,-1.48407251735297,0.22542624813049,0.229509572719727,0.618513268308031,"60",1,1,"60",0.9886,1
"72","hsa-miR-1179",0,-1.04131291991328,1.20841718233571e-05,1.56919330776039e-05,0.00021219805721815,"60",1,1,"60",0.9893,1
"73","hsa-miR-196a-5p/hsa-miR-196b-5p",0,-1.3190379116755,0.459692684244278,0.460398163057498,0.979636351374942,"60",1,1,"60",0.9897,1
"74","hsa-miR-3127-5p",0,-1.395222630667,0.397799276849738,0.399571395555343,0.890989196617525,"60",1,1,"60",0.9898,1
"75","hsa-miR-2355-5p",0,-0.754210138635784,0.149079236915526,0.152605605742834,0.4674698928994,"60",1,1,"60",0.9899,1
"76","hsa-miR-1287-5p",0,-1.18259094050574,0.203893548369226,0.207672595691426,0.573705016616607,"60",1,1,"60",0.99,1
"77","hsa-miR-31-5p",0,-0.774246556961569,0.475198241756766,0.475645946298386,0.991707599671875,"60",1,1,"60",0.99,1
"78","hsa-miR-5094",0,-1.39822380693464,0.0445740840935039,0.0473448417833584,0.181185397380076,"60",1,1,"60",0.9926,1
"79","hsa-miR-670-3p",0,-1.1599843687117,0.0172661687877376,0.0186947221248668,0.095947444276162,"60",1,1,"60",0.9939,1
"80","hsa-miR-525-5p",1,-0.819174163608723,0.249487144065103,0.252619219949532,0.663787007542911,"60",1,1,"60",0.9944,1
"81","hsa-miR-141-3p/hsa-miR-200a-3p",1,-2.15045755605291,0.99703493607687,0.996590922257592,0.999999999997404,"60",1,1,"60",0.9952,1
"82","hsa-miR-2467-3p",0,-0.800455351615526,0.209696810381049,0.21340538432161,0.582638606058736,"60",1,1,"60",0.9955,1
"83","hsa-miR-26b-5p/hsa-miR-26a-5p",1,-0.912691676879619,0.00313478133052889,0.0034946327167434,0.0229361500683697,"60",1,1,"60",0.9966,1
"84","hsa-miR-545-5p",0,-0.929984110802544,0.000376414158223766,0.000443597131637935,0.00384292594093566,"60",1,1,"60",0.9966,1
"85","hsa-miR-127-3p",0,-1.76724191515057,0.0268958396754171,0.0288919513681884,0.128339930625088,"60",1,1,"60",0.9967,1
"86","hsa-miR-3140-3p",0,-1.32341677601147,0.0130192918471123,0.0141973627046377,0.0742268716997702,"60",1,1,"60",0.9978,1
"87","hsa-miR-552-3p",1,-0.969779878950386,0.0259170032702736,0.027562809987804,0.12502818061154,"60",1,1,"60",0.998,1
"88","hsa-miR-2114-5p",0,-1.46852587093913,0.0356289239191496,0.0379569561524849,0.154862352480264,"60",1,1,"60",0.9981,1
"89","hsa-miR-421",0,-0.908874168108056,0.027862814127881,0.0296084111961782,0.131524466689675,"60",1,1,"60",0.9981,1
"90","hsa-miR-656-3p",0,-1.88594537837336,2.33948962185487e-06,3.46044938460472e-06,6.41897464996429e-05,"60",1,1,"60",0.9981,1
"91","hsa-miR-147a",0,-1.59354119122163,0.0571922909580749,0.0600638862900767,0.224173354737454,"60",1,1,"60",0.9982,1
"92","hsa-miR-377-3p",0,-0.811191028378934,0.0813678890360169,0.0841758311944582,0.287792303009502,"60",1,1,"60",0.9982,1
"93","hsa-miR-1306-5p",0,-1.33619993063194,0.474434660179723,0.474932712783161,0.991707599671875,"60",1,1,"60",0.9983,1
"94","hsa-miR-495-3p",0,-2.09683478835603,0.0110354683038001,0.0122952654281692,0.0637443498074767,"60",1,1,"60",0.9983,1
"95","hsa-miR-505-3p.1",0,-1.26401626047519,0.0830422191128467,0.0863308298542091,0.289329636432855,"60",1,1,"60",0.9983,1
"96","hsa-miR-185-5p",0,-0.892454531662649,0.970654369413788,0.968620901446263,0.999999999997404,"60",1,1,"60",0.9984,1
"97","hsa-miR-212-5p",0,-0.970309304145603,0.0736760204814058,0.0766789694027573,0.269531441594476,"60",1,1,"60",0.9984,1
"98","hsa-miR-488-3p",0,-1.12261164392289,1.46093445010015e-06,2.00872435836523e-06,4.27566815729312e-05,"60",1,1,"60",0.9987,1
"99","hsa-miR-2115-3p",0,-0.994273517613778,0.000186329496698357,0.000225123451019062,0.00209740125770715,"60",1,1,"60",0.9989,1
"100","hsa-miR-424-5p/hsa-miR-15a-5p/hsa-miR-497-5p/hsa-miR-16-5p/hsa-miR-15b-5p/hsa-miR-195-5p",0,-1.10705168547531,0.989587002734611,0.988455025750016,0.999999999997404,"60",1,1,"60",0.999,1
"101","hsa-miR-501-3p/hsa-miR-502-3p",0,-1.8532116205316,0.826097565976167,0.822145387436762,0.999999999997404,"60",1,1,"60",0.999,1
"102","hsa-miR-513b-5p",0,-1.80872236246586,0.0175273699381346,0.0191473357887349,0.0961814425355135,"60",1,1,"60",0.999,1
"103","hsa-miR-3690",0,-1.32123652251839,0.0563293644689007,0.0592096416534858,0.222780099115742,"60",1,1,"60",0.9992,1
"104","hsa-miR-4637",2,-2.14577680655638,0.230603013431527,0.234226456774863,0.628787098735655,"60",1,1,"60",0.9992,1
"105","hsa-miR-1286",0,-1.33462959122008,0.0819454165744595,0.0854803935794721,0.287792303009502,"60",1,1,"60",0.9993,1
"106","hsa-miR-139-5p",0,-1.51563229862922,0.0612611049897009,0.0642104840555823,0.235908992021743,"60",1,1,"60",0.9993,1
"107","hsa-miR-324-5p",0,-1.66091437768976,0.509637985512362,0.509526929317815,0.999999999997404,"60",1,1,"60",0.9993,1
"108","hsa-miR-362-3p/hsa-miR-329-3p",0,-0.944025613101939,0.00266397294211009,0.00298945510425371,0.0205172652909882,"60",1,1,"60",0.9993,1
"109","hsa-miR-21-5p/hsa-miR-590-5p",0,-1.60845720523742,0.078558405065846,0.0818745776099258,0.280383250600865,"60",1,1,"60",0.9994,1
"110","hsa-miR-515-5p/hsa-miR-519e-5p",0,-1.36993787895302,0.038485999147175,0.0409354519938894,0.162455323323172,"60",1,1,"60",0.9994,1
"111","hsa-miR-486-5p",0,-1.45917983917632,0.00902798898639472,0.00996471466487447,0.0542916050003737,"60",1,1,"60",0.9995,1
"112","hsa-miR-500a-3p",1,-1.92351426232299,0.432764434814144,0.433931039235581,0.940410418308942,"60",1,1,"60",0.9995,1
"113","hsa-miR-331-3p",0,-1.51553089415155,0.667800858385768,0.665290044980363,0.999999999997404,"60",1,1,"60",0.9996,1
"114","hsa-miR-338-3p",0,-0.889649256149486,0.0177979106400277,0.0190677574508844,0.0964602811231133,"60",1,1,"60",0.9996,1
"115","hsa-miR-361-3p",1,-1.25012509854117,0.907074432024102,0.903344280808335,0.999999999997404,"60",1,1,"60",0.9996,1
"116","hsa-miR-490-3p",0,-1.32854431626465,2.75625762614176e-05,3.53360065993315e-05,0.000417240378578011,"60",1,1,"60",0.9996,1
"117","hsa-miR-5000-3p",0,-1.42764954733339,0.66029023621936,0.657916267408013,0.999999999997404,"60",1,1,"60",0.9996,1
"118","hsa-miR-6746-3p",0,-1.50829305530286,6.48301311424811e-05,8.20386272360823e-05,0.000918078308759652,"60",1,1,"60",0.9996,1
"119","hsa-miR-28-3p",1,-2.13664016865089,0.116802935310607,0.120887011719151,0.382660362696691,"60",1,1,"60",0.9997,1
"120","hsa-miR-4761-5p",0,-1.68201239201217,0.0452936325758701,0.0481121438127905,0.182421144044101,"60",1,1,"60",0.9997,1
"121","hsa-miR-520f-3p/hsa-miR-302c-3p.2",1,-1.46592645094596,0.772954553982161,0.769419582163946,0.999999999997404,"60",1,1,"60",0.9997,1
"122","hsa-miR-103a-3p/hsa-miR-107",0,-0.746233910183349,0.0373288529482694,0.039270800426088,0.159100645090197,"60",1,1,"60",0.9998,1
"123","hsa-miR-1276",0,-1.75081190734919,0.106723319361339,0.110381824032251,0.357645322134565,"60",1,1,"60",0.9998,1
"124","hsa-miR-142-5p",0,-2.01867928056725,0.0636648130496947,0.0668094659138581,0.240938387317379,"60",1,1,"60",0.9998,1
"125","hsa-miR-433-3p",0,-1.38842606419855,0.205174687036008,0.208742373143225,0.573705016616607,"60",1,1,"60",0.9998,1
"126","hsa-miR-511-3p",0,-1.44959600311396,0.194100363067623,0.197886274405156,0.557534959554979,"60",1,1,"60",0.9998,1
"127","hsa-miR-7151-5p",0,-2.0717821350896,1.1304102974663e-05,1.60617748103084e-05,0.000206770883578211,"60",1,1,"60",0.9998,1
"128","hsa-miR-98-5p/hsa-let-7d-5p/hsa-let-7g-5p/hsa-let-7b-5p/hsa-let-7a-5p/hsa-let-7i-5p/hsa-let-7c-5p/hsa-let-7f-5p/hsa-let-7e-5p",0,-1.14086274944087,0.813808287455337,0.809780735017269,0.999999999997404,"60",1,1,"60",0.9998,1
"129","hsa-miR-124-3p.2/hsa-miR-506-3p",1,-1.29086216854085,0.801798491327736,0.79804185027328,0.999999999997404,"60",1,1,"60",0.9999,1
"130","hsa-miR-1269a/hsa-miR-1269b",0,-1.69454326979449,0.898993275045464,0.895202826112398,0.999999999997404,"60",1,1,"60",0.9999,1
"131","hsa-miR-183-5p.1",0,-1.21590208618506,0.73803467114256,0.735194284127126,0.999999999997404,"60",1,1,"60",0.9999,1
"132","hsa-miR-199a-3p",0,-2.0635344742272,0.87323529187184,0.869282876012382,0.999999999997404,"60",1,1,"60",0.9999,1
"133","hsa-miR-202-5p",0,-1.37401716737694,0.0181823216925931,0.0196024134339113,0.0973419417444924,"60",1,1,"60",0.9999,1
"134","hsa-miR-28-5p/hsa-miR-708-5p",0,-1.48239356414251,0.17324101785363,0.177092276012422,0.515797207211203,"60",1,1,"60",0.9999,1
"135","hsa-miR-3126-5p",0,-1.29423124674447,0.884612317097969,0.880783632738638,0.999999999997404,"60",1,1,"60",0.9999,1
"136","hsa-miR-3179",0,-1.15362178503504,0.964487432328576,0.962173231405207,0.999999999997404,"60",1,1,"60",0.9999,1
"137","hsa-miR-3613-5p",0,-2.51709230153222,0.544598324564111,0.543817072681398,0.999999999997404,"60",1,1,"60",0.9999,1
"138","hsa-miR-505-3p.2",0,-2.14643941222943,0.000757294154291394,0.0009131014901362,0.00720496996669014,"60",1,1,"60",0.9999,1
"139","hsa-miR-518c-3p",0,-1.69969245520332,1.26025080249382e-05,1.70405400178199e-05,0.00021278850088261,"60",1,1,"60",0.9999,1
"140","hsa-miR-523-3p",0,-2.73487450112244,0.00126680112457749,0.00154833605896625,0.0109044253664611,"60",1,1,"60",0.9999,1
"141","hsa-miR-582-3p",0,-1.64350692533884,0.476652172051858,0.477066414378769,0.991707599671875,"60",1,1,"60",0.9999,1
"142","hsa-miR-874-3p",0,-1.2816143318659,0.297359579406276,0.300134522665834,0.738273134802356,"60",1,1,"60",0.9999,1
"143","hsa-miR-100-5p/hsa-miR-99a-5p/hsa-miR-99b-5p",0,-2.49384075211615,0.0969725469964412,0.10087885477512,0.332585532276857,"60",1,1,"60",1,1
"144","hsa-miR-101-3p.1",0,-2.20056520983796,0.999699023894664,0.999633955840744,0.999999999997404,"60",1,1,"60",1,1
"145","hsa-miR-101-3p.2",0,-2.35084739308537,0.0330244779791605,0.0355125707156789,0.149461297245892,"60",1,1,"60",1,1
"146","hsa-miR-105-5p",0,-1.91180555123102,0.0670900699445053,0.0701383988313265,0.251731117142204,"60",1,1,"60",1,1
"147","hsa-miR-1180-5p",0,-2.18662601119193,0.00850148068578716,0.00948022798626904,0.0518354169591745,"60",1,1,"60",1,1
"148","hsa-miR-1185-5p",0,-1.91770699517784,0.933798312669444,0.930541715489418,0.999999999997404,"60",1,1,"60",1,1
"149","hsa-miR-1193",0,-2.16265414873961,0.721132071442189,0.718063149298989,0.999999999997404,"60",1,1,"60",1,1
"150","hsa-miR-122-5p",0,-2.66350313412545,0.9449938192291,0.942446430538161,0.999999999997404,"60",1,1,"60",1,1
"151","hsa-miR-124-3p.1",0,-1.53514967231581,0.99988557013254,0.999859888861451,0.999999999997404,"60",1,1,"60",1,1
"152","hsa-miR-1245b-5p",0,-2.69391672823853,0.999393906998579,0.999281838493333,0.999999999997404,"60",1,1,"60",1,1
"153","hsa-miR-1247-5p",0,-3.60542621745207,0.999989861649616,0.999987123323685,0.999999999997404,"60",1,1,"60",1,1
"154","hsa-miR-1249-3p",0,-2.91380589644773,0.216919456829945,0.220898171489593,0.598915984580792,"60",1,1,"60",1,1
"155","hsa-miR-1252-5p",0,-1.38882681737123,0.6553676773213,0.653253671776126,0.999999999997404,"60",1,1,"60",1,1
"156","hsa-miR-125a-5p/hsa-miR-125b-5p",0,-1.48553623766398,0.860785273717561,0.857164375284123,0.999999999997404,"60",1,1,"60",1,1
"157","hsa-miR-126-3p.1",0,-4.59038114954795,0.999987460474263,0.999985136325562,0.999999999997404,"60",1,1,"60",1,1
"158","hsa-miR-126-3p.2",0,-4.37834891361799,0.999998347119475,0.999997930608509,0.999999999997404,"60",1,1,"60",1,1
"159","hsa-miR-126-5p",0,-3.08857420578076,0.307282748735377,0.310024501541536,0.741193003817749,"60",1,1,"60",1,1
"160","hsa-miR-1266-3p",0,-2.45147058804276,0.802382212720105,0.7987306300424,0.999999999997404,"60",1,1,"60",1,1
"161","hsa-miR-1270",0,-1.70591070115394,0.198078906842999,0.201604541006744,0.56465350716933,"60",1,1,"60",1,1
"162","hsa-miR-1277-3p",0,-4.05943286390095,0.999722657501135,0.999680420055817,0.999999999997404,"60",1,1,"60",1,1
"163","hsa-miR-1277-5p",0,-2.20790542855064,0.0709866788616748,0.0742197296401327,0.261875227061137,"60",1,1,"60",1,1
"164","hsa-miR-128-3p",0,-1.73116380176372,0.62009502073707,0.618317155037132,0.999999999997404,"60",1,1,"60",1,1
"165","hsa-miR-129-1-3p/hsa-miR-129-2-3p",0,-1.36040942463713,0.29772176186708,0.300383845808178,0.738273134802356,"60",1,1,"60",1,1
"166","hsa-miR-129-5p",0,-2.76844028908842,0.300440713476622,0.303398405447167,0.738273134802356,"60",1,1,"60",1,1
"167","hsa-miR-1294",0,-1.70029887257893,0.537613911514378,0.537100918562545,0.999999999997404,"60",1,1,"60",1,1
"168","hsa-miR-1295a",0,-2.95020698674816,0.905312235127092,0.901780581969039,0.999999999997404,"60",1,1,"60",1,1
"169","hsa-miR-1298-5p",0,-3.05341028589163,0.639629124344327,0.637469826582474,0.999999999997404,"60",1,1,"60",1,1
"170","hsa-miR-1301-3p",0,-1.60283339749287,0.754100607450993,0.75098304776168,0.999999999997404,"60",1,1,"60",1,1
"171","hsa-miR-1307-5p",0,-3.28774311121763,0.173227459762999,0.177305069816327,0.515797207211203,"60",1,1,"60",1,1
"172","hsa-miR-130b-3p/hsa-miR-130a-3p/hsa-miR-301b-3p/hsa-miR-301a-3p/hsa-miR-454-3p",0,-1.0640807693289,0.552103838302763,0.551474304214618,0.999999999997404,"60",1,1,"60",1,1
"173","hsa-miR-132-5p",0,-1.79925921990386,0.569285665883713,0.568266461657456,0.999999999997404,"60",1,1,"60",1,1
"174","hsa-miR-1323",0,-2.6746195303105,0.621020814333297,0.619074664524354,0.999999999997404,"60",1,1,"60",1,1
"175","hsa-miR-133a-3p.1",0,-2.05018857962748,0.963105128017169,0.960866655582501,0.999999999997404,"60",1,1,"60",1,1
"176","hsa-miR-133a-3p.2/hsa-miR-133b",0,-2.11184684413258,0.966815215450089,0.964667473075925,0.999999999997404,"60",1,1,"60",1,1
"177","hsa-miR-134-5p",0,-2.31430894934651,0.917519557915335,0.914236929180585,0.999999999997404,"60",1,1,"60",1,1
"178","hsa-miR-1343-3p",0,-2.67586152339622,0.999999914757848,0.999999871650066,0.999999999997404,"60",1,1,"60",1,1
"179","hsa-miR-135a-5p/hsa-miR-135b-5p",0,-2.16393056769601,0.997517433151781,0.997133676766908,0.999999999997404,"60",1,1,"60",1,1
"180","hsa-miR-136-5p",0,-1.86904957971948,0.166874656608794,0.170686513340454,0.505227408629382,"60",1,1,"60",1,1
"181","hsa-miR-137",0,-2.94351731257367,0.999995743184939,0.999994371223753,0.999999999997404,"60",1,1,"60",1,1
"182","hsa-miR-138-5p",0,-1.09260634611849,0.710664223141825,0.708233599360207,0.999999999997404,"60",1,1,"60",1,1
"183","hsa-miR-140-3p.1",0,-0.715675027793424,0.0585595797567676,0.0607641403234636,0.227501376223195,"60",1,1,"60",1,1
"184","hsa-miR-140-5p",0,-2.22464715742164,0.889715478882091,0.886025715574658,0.999999999997404,"60",1,1,"60",1,1
"185","hsa-miR-142-3p.1",0,-2.31959907241441,0.99092073173511,0.990033126175478,0.999999999997404,"60",1,1,"60",1,1
"186","hsa-miR-142-3p.2",0,-2.09861510072281,0.658374260342916,0.656105310035077,0.999999999997404,"60",1,1,"60",1,1
"187","hsa-miR-143-3p",0,-2.35851428342835,0.999823676225853,0.999784010515547,0.999999999997404,"60",1,1,"60",1,1
"188","hsa-miR-144-3p",0,-1.88425230875561,0.851629949351539,0.84776060684326,0.999999999997404,"60",1,1,"60",1,1
"189","hsa-miR-144-5p",0,-3.17306981917884,0.355401475765552,0.357629700204819,0.825509247942208,"60",1,1,"60",1,1
"190","hsa-miR-145-5p",0,-2.37250180792755,0.944305748600704,0.941676099798415,0.999999999997404,"60",1,1,"60",1,1
"191","hsa-miR-146a-5p/hsa-miR-146b-5p",0,-2.18259480111735,0.57896106194623,0.577588903103012,0.999999999997404,"60",1,1,"60",1,1
"192","hsa-miR-147b",0,-3.4611716351182,0.71482987877777,0.711792764744175,0.999999999997404,"60",1,1,"60",1,1
"193","hsa-miR-148a-3p/hsa-miR-148b-3p/hsa-miR-152-3p",0,-1.50784732787164,0.989843953412256,0.988805846409262,0.999999999997404,"60",1,1,"60",1,1
"194","hsa-miR-149-5p",0,-1.46646994304367,0.176712401539501,0.180303443269496,0.517178295172272,"60",1,1,"60",1,1
"195","hsa-miR-151a-3p",0,-2.08148354879322,0.11302620194745,0.116740056908667,0.373071448533313,"60",1,1,"60",1,1
"196","hsa-miR-151a-5p",0,-2.14396997374552,0.448828598968207,0.449629026147454,0.965861543858053,"60",1,1,"60",1,1
"197","hsa-miR-153-3p",0,-2.06668321673324,0.99967280175945,0.999609163118641,0.999999999997404,"60",1,1,"60",1,1
"198","hsa-miR-155-5p",0,-1.91368214909118,0.903368065801144,0.899895790371755,0.999999999997404,"60",1,1,"60",1,1
"199","hsa-miR-181a-5p/hsa-miR-181c-5p/hsa-miR-181d-5p/hsa-miR-181b-5p",0,-1.6742831828978,0.304180849779226,0.306678161605967,0.738273134802356,"60",1,1,"60",1,1
"200","hsa-miR-182-5p",0,-1.72462713560984,0.994998501545679,0.994384641350231,0.999999999997404,"60",1,1,"60",1,1
"201","hsa-miR-183-5p.2",0,-2.17840853049779,0.999999928593171,0.999999893894783,0.999999999997404,"60",1,1,"60",1,1
"202","hsa-miR-184",0,-2.46267342122195,0.979537128846201,0.977914895394762,0.999999999997404,"60",1,1,"60",1,1
"203","hsa-miR-186-5p",0,-4.07266864310484,0.941844490963264,0.939348213847878,0.999999999997404,"60",1,1,"60",1,1
"204","hsa-miR-187-3p",0,-3.42404047964629,0.973439481346209,0.971795742246747,0.999999999997404,"60",1,1,"60",1,1
"205","hsa-miR-188-5p",0,-2.07425417648811,0.434859487281812,0.435935836792672,0.940410418308942,"60",1,1,"60",1,1
"206","hsa-miR-18a-5p/hsa-miR-18b-5p",1,-1.50940563394562,0.312887038670428,0.315640141524755,0.746507662914771,"60",1,1,"60",1,1
"207","hsa-miR-1908-5p",0,-2.21029501715743,0.999998482416504,0.999997824692705,0.999999999997404,"60",1,1,"60",1,1
"208","hsa-miR-190a-5p/hsa-miR-190b",0,-2.72647015301516,0.56502326851896,0.563937430506027,0.999999999997404,"60",1,1,"60",1,1
"209","hsa-miR-1911-5p",0,-2.29795098112203,0.949626260758042,0.946909216560886,0.999999999997404,"60",1,1,"60",1,1
"210","hsa-miR-193a-3p/hsa-miR-193b-3p",0,-2.79766500370322,0.999999975386685,0.999999961659349,0.999999999997404,"60",1,1,"60",1,1
"211","hsa-miR-193a-5p",0,-2.03570811199663,0.26276817504705,0.26625937325384,0.682575318613342,"60",1,1,"60",1,1
"212","hsa-miR-194-5p",0,-3.12155738637323,0.99989049569926,0.999865219883765,0.999999999997404,"60",1,1,"60",1,1
"213","hsa-miR-197-3p",0,-1.25830353034966,0.166095141535658,0.169534323437228,0.505227408629382,"60",1,1,"60",1,1
"214","hsa-miR-199a-5p/hsa-miR-199b-5p",0,-1.60572575892031,0.605805432017436,0.604311433943155,0.999999999997404,"60",1,1,"60",1,1
"215","hsa-miR-19a-3p/hsa-miR-19b-3p",0,-1.9677929123646,0.999958260010951,0.999945853681076,0.999999999997404,"60",1,1,"60",1,1
"216","hsa-miR-203a-3p.1",0,-2.18559920717711,0.515131904493021,0.514896339776099,0.999999999997404,"60",1,1,"60",1,1
"217","hsa-miR-203a-3p.2",0,-4.02434065748885,0.858261098920741,0.854783565145122,0.999999999997404,"60",1,1,"60",1,1
"218","hsa-miR-204-5p/hsa-miR-211-5p",0,-2.08042295989845,0.919548489243475,0.916253759899375,0.999999999997404,"60",1,1,"60",1,1
"219","hsa-miR-205-5p",0,-2.18777379709634,0.469702964669169,0.470195155555634,0.991707599671875,"60",1,1,"60",1,1
"220","hsa-miR-206/hsa-miR-1-3p",0,-2.50553442170439,0.99436423855125,0.993721265036797,0.999999999997404,"60",1,1,"60",1,1
"221","hsa-miR-208b-3p/hsa-miR-208a-3p",0,-2.36237985413049,0.610992146669039,0.609275916355029,0.999999999997404,"60",1,1,"60",1,1
"222","hsa-miR-210-3p",0,-2.90636236298305,0.628717719335111,0.626754839599673,0.999999999997404,"60",1,1,"60",1,1
"223","hsa-miR-2114-3p",0,-1.87202636197517,0.717190614583833,0.714050665895578,0.999999999997404,"60",1,1,"60",1,1
"224","hsa-miR-216b-5p",0,-1.66787993150373,0.0305040774403857,0.0325689633825868,0.13949260412843,"60",1,1,"60",1,1
"225","hsa-miR-217",0,-1.34060320244634,0.63847413372455,0.636588072912039,0.999999999997404,"60",1,1,"60",1,1
"226","hsa-miR-219a-2-3p",0,-2.41956191931913,0.573147887229131,0.571966272829678,0.999999999997404,"60",1,1,"60",1,1
"227","hsa-miR-219a-5p",1,-2.19093497266087,0.0341218594571857,0.036501719881766,0.149794963017045,"60",1,1,"60",1,1
"228","hsa-miR-22-3p",0,-2.27482245448069,0.999998574610333,0.999997968404531,0.999999999997404,"60",1,1,"60",1,1
"229","hsa-miR-222-3p/hsa-miR-221-3p",1,-2.07363383577518,0.993804057287132,0.993020685552193,0.999999999997404,"60",1,1,"60",1,1
"230","hsa-miR-223-3p",0,-3.10397132007717,0.999995123587293,0.999993502118923,0.999999999997404,"60",1,1,"60",1,1
"231","hsa-miR-224-5p",0,-1.97293901878689,0.415509536264057,0.416884580166826,0.916626564924227,"60",1,1,"60",1,1
"232","hsa-miR-2277-5p",0,-3.82354544314171,0.999323576615041,0.999223603812106,0.999999999997404,"60",1,1,"60",1,1
"233","hsa-miR-2355-3p",0,-2.44467919465896,0.986830596699155,0.98558814004738,0.999999999997404,"60",1,1,"60",1,1
"234","hsa-miR-23a-3p/hsa-miR-23b-3p/hsa-miR-23c",0,-2.46353736269609,0.940022863732073,0.937012961653582,0.999999999997404,"60",1,1,"60",1,1
"235","hsa-miR-24-3p",0,-2.55077992553346,0.999993132486516,0.999990706881431,0.999999999997404,"60",1,1,"60",1,1
"236","hsa-miR-2681-3p",0,-1.92301823797858,0.0904853851322693,0.09380942894656,0.312780189551703,"60",1,1,"60",1,1
"237","hsa-miR-2681-5p",0,-3.91304061992828,0.78044851256776,0.776762589255097,0.999999999997404,"60",1,1,"60",1,1
"238","hsa-miR-27a-3p/hsa-miR-27b-3p",0,-1.00845364456718,0.454241176869882,0.454963847496284,0.972740861687212,"60",1,1,"60",1,1
"239","hsa-miR-296-3p",0,-2.50128724330122,0.126963231866967,0.130672032371908,0.412865620663694,"60",1,1,"60",1,1
"240","hsa-miR-296-5p",0,-2.4762673779377,0.99999999944523,0.999999998997451,0.999999999997404,"60",1,1,"60",1,1
"241","hsa-miR-299-3p",0,-3.05146464048403,0.999999436029108,0.999999201785701,0.999999999997404,"60",1,1,"60",1,1
"242","hsa-miR-299-5p",0,-2.66539185847156,0.374260648368887,0.376261202204254,0.851297536963426,"60",1,1,"60",1,1
"243","hsa-miR-29a-3p/hsa-miR-29b-3p/hsa-miR-29c-3p",0,-2.11911015457154,0.999934588866431,0.999918602173495,0.999999999997404,"60",1,1,"60",1,1
"244","hsa-miR-3064-5p",0,-1.69722397860959,0.35820942173414,0.360125144977927,0.827652295480459,"60",1,1,"60",1,1
"245","hsa-miR-3144-3p",0,-3.06681189886285,0.392149706176833,0.393727270722847,0.882839594931433,"60",1,1,"60",1,1
"246","hsa-miR-3145-3p",0,-2.3080338569436,0.271146548536349,0.274279060025446,0.696101373143026,"60",1,1,"60",1,1
"247","hsa-miR-3146",0,-3.17741233262589,0.957936170227895,0.955617759235412,0.999999999997404,"60",1,1,"60",1,1
"248","hsa-miR-3150a-3p",0,-1.35910673497404,0.99870614465483,0.998492268624489,0.999999999997404,"60",1,1,"60",1,1
"249","hsa-miR-3150b-3p",0,-1.42411329252645,0.97693140199823,0.975144053194385,0.999999999997404,"60",1,1,"60",1,1
"250","hsa-miR-3163",0,-3.489975045706,0.262514389539061,0.26609609195942,0.682575318613342,"60",1,1,"60",1,1
"251","hsa-miR-3164",0,-2.32365529198127,0.823153789378875,0.819457536824202,0.999999999997404,"60",1,1,"60",1,1
"252","hsa-miR-3171",0,-2.55810379594501,0.56884555762842,0.567821144843795,0.999999999997404,"60",1,1,"60",1,1
"253","hsa-miR-3173-5p",0,-1.96288553545701,0.893406361482448,0.889951882275695,0.999999999997404,"60",1,1,"60",1,1
"254","hsa-miR-3180/hsa-miR-3180-3p",0,-3.11477672750201,0.999999999997404,0.999999999994978,0.999999999997404,"60",1,1,"60",1,1
"255","hsa-miR-3186-3p",0,-3.72260835200932,0.994531840164577,0.994004132668304,0.999999999997404,"60",1,1,"60",1,1
"256","hsa-miR-3187-3p",0,-2.23377279780936,0.403489626506649,0.405080572365489,0.898156113220327,"60",1,1,"60",1,1
"257","hsa-miR-3194-3p",0,-2.20410554688389,0.90774181467948,0.903851446978249,0.999999999997404,"60",1,1,"60",1,1
"258","hsa-miR-3194-5p",0,-1.67681935369489,0.885681294308293,0.882271378284186,0.999999999997404,"60",1,1,"60",1,1
"259","hsa-miR-3200-3p",0,-2.87170774864674,0.982390440498338,0.98090965409028,0.999999999997404,"60",1,1,"60",1,1
"260","hsa-miR-3200-5p",0,-2.27456455399385,0.95361828139152,0.951047132437157,0.999999999997404,"60",1,1,"60",1,1
"261","hsa-miR-320a/hsa-miR-320b/hsa-miR-320c/hsa-miR-320d",0,-2.49649128551734,0.905249333978316,0.90185889288669,0.999999999997404,"60",1,1,"60",1,1
"262","hsa-miR-323a-3p",1,-3.19227286581748,0.67169361298004,0.669154181921311,0.999999999997404,"60",1,1,"60",1,1
"263","hsa-miR-323b-3p",0,-2.74931670164881,0.49028255605451,0.490369827947223,0.999999999997404,"60",1,1,"60",1,1
"264","hsa-miR-324-3p/hsa-miR-1913",0,-1.26362008637979,0.431150957770773,0.432269925825002,0.940410418308942,"60",1,1,"60",1,1
"265","hsa-miR-325",0,-2.51891794432253,0.671894761040037,0.669108759420505,0.999999999997404,"60",1,1,"60",1,1
"266","hsa-miR-326/hsa-miR-330-5p",0,-1.92698981708109,0.999161899322751,0.99900177348704,0.999999999997404,"60",1,1,"60",1,1
"267","hsa-miR-328-3p",0,-2.08801128157201,0.939887936121901,0.937047322757014,0.999999999997404,"60",1,1,"60",1,1
"268","hsa-miR-337-3p",0,-1.62598920043687,0.00800239061504187,0.00882741539905605,0.0494795701408927,"60",1,1,"60",1,1
"269","hsa-miR-339-3p",0,-2.93431998162822,0.301166493478676,0.304282646348258,0.738273134802356,"60",1,1,"60",1,1
"270","hsa-miR-33a-5p/hsa-miR-33b-5p",0,-3.08680087286193,0.902608568354857,0.899061957695923,0.999999999997404,"60",1,1,"60",1,1
"271","hsa-miR-340-5p",0,-3.03623774633811,0.0240383249617687,0.0263504275680652,0.117253607313516,"60",1,1,"60",1,1
"272","hsa-miR-342-3p",0,-3.6214630424909,0.999997943529243,0.999997273198027,0.999999999997404,"60",1,1,"60",1,1
"273","hsa-miR-345-3p",0,-2.84414391308767,0.732898260134794,0.729765658817218,0.999999999997404,"60",1,1,"60",1,1
"274","hsa-miR-346",0,-2.53453442024095,0.957505355851701,0.954918603217853,0.999999999997404,"60",1,1,"60",1,1
"275","hsa-miR-34b-5p/hsa-miR-449c-5p",0,-1.91616982744869,0.999963349091012,0.999952333827018,0.999999999997404,"60",1,1,"60",1,1
"276","hsa-miR-3605-3p",0,-3.11351010370539,0.9472157384504,0.944668838732709,0.999999999997404,"60",1,1,"60",1,1
"277","hsa-miR-3605-5p",0,-1.07353999773271,0.0753936341722798,0.0784369518352212,0.271293486898613,"60",1,1,"60",1,1
"278","hsa-miR-361-5p",0,-1.84167833768121,0.866119130804205,0.862431450787788,0.999999999997404,"60",1,1,"60",1,1
"279","hsa-miR-3611",0,-1.68295179996519,0.279160849229346,0.282354800713165,0.704319613860246,"60",1,1,"60",1,1
"280","hsa-miR-3612",0,-1.16023627872403,0.993771633260938,0.993026711980983,0.999999999997404,"60",1,1,"60",1,1
"281","hsa-miR-3614-5p",0,-2.03400321972197,0.503664928245553,0.503618446873537,0.999999999997404,"60",1,1,"60",1,1
"282","hsa-miR-362-5p",0,-2.70621256010612,0.821682862678943,0.81783086275877,0.999999999997404,"60",1,1,"60",1,1
"283","hsa-miR-3622a-5p",0,-1.62371709640632,0.251186908502559,0.254608829919097,0.664283450798935,"60",1,1,"60",1,1
"284","hsa-miR-3622b-5p",0,-1.59258773947124,0.915996672890455,0.912880345951994,0.999999999997404,"60",1,1,"60",1,1
"285","hsa-miR-363-3p/hsa-miR-367-3p/hsa-miR-32-5p/hsa-miR-25-3p/hsa-miR-92a-3p/hsa-miR-92b-3p",0,-1.86073599896216,0.73266691564074,0.72958140749321,0.999999999997404,"60",1,1,"60",1,1
"286","hsa-miR-365a-3p",0,-2.10629046313913,0.953816083128137,0.951126610224635,0.999999999997404,"60",1,1,"60",1,1
"287","hsa-miR-3681-5p",0,-2.07961898911055,0.501563739184309,0.501555845974984,0.999999999997404,"60",1,1,"60",1,1
"288","hsa-miR-369-3p",0,-2.85582096834226,0.684140406676031,0.681365573181395,0.999999999997404,"60",1,1,"60",1,1
"289","hsa-miR-371a-3p",0,-2.6336225135909,0.880119129955901,0.876104018129943,0.999999999997404,"60",1,1,"60",1,1
"290","hsa-miR-372-3p/hsa-miR-520e/hsa-miR-520a-3p/hsa-miR-520b/hsa-miR-520d-3p/hsa-miR-302e/hsa-miR-302b-3p/hsa-miR-302a-3p/hsa-miR-302c-3p.1/hsa-miR-302d-3p/hsa-miR-520c-3p",1,-1.38218256925156,0.369925477623699,0.371768910187563,0.84581919102502,"60",1,1,"60",1,1
"291","hsa-miR-374a-3p",0,-2.38688566300166,0.807691435476522,0.803967748333515,0.999999999997404,"60",1,1,"60",1,1
"292","hsa-miR-374b-3p",0,-1.60316024556946,0.27764728467535,0.280907929550859,0.704319613860246,"60",1,1,"60",1,1
"293","hsa-miR-374b-5p/hsa-miR-374a-5p",0,-3.6210098872907,0.806699063410072,0.803204952950512,0.999999999997404,"60",1,1,"60",1,1
"294","hsa-miR-375",0,-3.74185817798592,0.714742633632183,0.711759244706964,0.999999999997404,"60",1,1,"60",1,1
"295","hsa-miR-376a-3p/hsa-miR-376b-3p",0,-2.14053184351887,0.992861218993013,0.992059707972987,0.999999999997404,"60",1,1,"60",1,1
"296","hsa-miR-376c-3p",0,-1.82587579398832,0.330063871566932,0.332891071397799,0.779021718375715,"60",1,1,"60",1,1
"297","hsa-miR-378a-3p",0,-1.17915818699305,0.26115636920604,0.264048621080863,0.682575318613342,"60",1,1,"60",1,1
"298","hsa-miR-378g",0,-1.5224311581611,0.991172184446324,0.990189800343031,0.999999999997404,"60",1,1,"60",1,1
"299","hsa-miR-379-3p/hsa-miR-411-3p",0,-3.80060741805711,0.951930705412822,0.949545122110099,0.999999999997404,"60",1,1,"60",1,1
"300","hsa-miR-379-5p",0,-2.17421800094304,0.349061307983465,0.351379721381632,0.815095288323091,"60",1,1,"60",1,1
"301","hsa-miR-380-3p",0,-2.95893361033177,0.597809636750641,0.59629990986727,0.999999999997404,"60",1,1,"60",1,1
"302","hsa-miR-382-3p",0,-3.32520606841633,0.543419181510656,0.542563719043862,0.999999999997404,"60",1,1,"60",1,1
"303","hsa-miR-382-5p",0,-3.12598680601917,0.187891149500282,0.192272992078964,0.546253077023998,"60",1,1,"60",1,1
"304","hsa-miR-383-5p.1",0,-2.11374054644525,0.630073776462769,0.628107641801759,0.999999999997404,"60",1,1,"60",1,1
"305","hsa-miR-3918",0,-1.30231735843947,0.943207283492316,0.94037476672471,0.999999999997404,"60",1,1,"60",1,1
"306","hsa-miR-3924",0,-1.73056566812352,0.00124519535418531,0.00145701175515225,0.0109044253664611,"60",1,1,"60",1,1
"307","hsa-miR-3940-3p",0,-2.79213732949841,0.938553101558589,0.935755321345988,0.999999999997404,"60",1,1,"60",1,1
"308","hsa-miR-3942-5p",0,-1.83005032582453,0.0192492465106219,0.0209901068300761,0.100600228787655,"60",1,1,"60",1,1
"309","hsa-miR-3944-3p",0,-3.24476925004542,0.97859504311215,0.977115961680872,0.999999999997404,"60",1,1,"60",1,1
"310","hsa-miR-409-3p",0,-3.15050219038008,3.17592156512743e-06,5.83024315078384e-06,7.74571981717191e-05,"60",1,1,"60",1,1
"311","hsa-miR-409-5p",0,-2.42707377551517,0.817513414879499,0.813705539710231,0.999999999997404,"60",1,1,"60",1,1
"312","hsa-miR-411-5p.1",0,-3.60721833642815,0.90890915625972,0.905847329452293,0.999999999997404,"60",1,1,"60",1,1
"313","hsa-miR-411-5p.2",0,-2.17151570938004,0.00227681520374386,0.00266874068206998,0.0181731249898828,"60",1,1,"60",1,1
"314","hsa-miR-412-5p",0,-2.84169851053498,0.102485187776882,0.106500128500526,0.346084595646549,"60",1,1,"60",1,1
"315","hsa-miR-423-3p",0,-3.63226283464509,0.999997878196212,0.999997193944961,0.999999999997404,"60",1,1,"60",1,1
"316","hsa-miR-423-5p",0,-1.86220196108161,0.999999996832273,0.999999994716131,0.999999999997404,"60",1,1,"60",1,1
"317","hsa-miR-425-5p",0,-2.54058304629323,0.733086870698666,0.729648134958913,0.999999999997404,"60",1,1,"60",1,1
"318","hsa-miR-431-5p",0,-1.38943180683713,0.00466562656789722,0.00518788647996197,0.03200328223917,"60",1,1,"60",1,1
"319","hsa-miR-432-5p",0,-2.35233948228767,0.976497055701553,0.974712155992167,0.999999999997404,"60",1,1,"60",1,1
"320","hsa-miR-4428",0,-2.06861037837141,0.970066542271428,0.967876329824888,0.999999999997404,"60",1,1,"60",1,1
"321","hsa-miR-448",0,-3.08978147283416,0.999895586975592,0.999872320442206,0.999999999997404,"60",1,1,"60",1,1
"322","hsa-miR-449b-5p/hsa-miR-34c-5p/hsa-miR-34a-5p/hsa-miR-449a",0,-1.95101462818148,0.999999850913875,0.999999760026975,0.999999999997404,"60",1,1,"60",1,1
"323","hsa-miR-450a-5p",0,-3.86621613065097,0.998140122300262,0.997897058307865,0.999999999997404,"60",1,1,"60",1,1
"324","hsa-miR-450b-5p",0,-1.83950604630565,0.761307450420795,0.757965431539632,0.999999999997404,"60",1,1,"60",1,1
"325","hsa-miR-451a",0,-2.70824881575747,0.145131582971521,0.149487285003193,0.461686702351434,"60",1,1,"60",1,1
"326","hsa-miR-455-3p.1",0,-2.1509046971679,0.657050643993168,0.654661128176857,0.999999999997404,"60",1,1,"60",1,1
"327","hsa-miR-455-3p.2",0,-2.06546567630955,0.903695921524214,0.899935300677584,0.999999999997404,"60",1,1,"60",1,1
"328","hsa-miR-455-5p",0,-1.73066230492077,0.312620035788113,0.31541664155043,0.746507662914771,"60",1,1,"60",1,1
"329","hsa-miR-4640-3p",0,-1.49290254447548,0.748034456625985,0.745002337977114,0.999999999997404,"60",1,1,"60",1,1
"330","hsa-miR-4640-5p",0,-0.760232287442292,0.833168951159939,0.830423064511916,0.999999999997404,"60",1,1,"60",1,1
"331","hsa-miR-4662a-5p",0,-1.94509131452159,0.173890630221544,0.17757435272108,0.515797207211203,"60",1,1,"60",1,1
"332","hsa-miR-4664-3p",0,-3.46280339614656,0.992226476939993,0.991489992699798,0.999999999997404,"60",1,1,"60",1,1
"333","hsa-miR-4731-5p",1,-1.60698041712963,0.999999999865526,0.999999999706844,0.999999999997404,"60",1,1,"60",1,1
"334","hsa-miR-4739",0,-1.45822591571413,0.999903365117635,0.999877511933809,0.999999999997404,"60",1,1,"60",1,1
"335","hsa-miR-4761-3p",0,-2.39994304142729,0.471425032200904,0.471867999901934,0.991707599671875,"60",1,1,"60",1,1
"336","hsa-miR-4766-5p",1,-2.03132473054289,0.0478190373041975,0.050402585443346,0.190841430695843,"60",1,1,"60",1,1
"337","hsa-miR-483-3p.2",0,-2.98919607806734,0.99801540559414,0.99773920489745,0.999999999997404,"60",1,1,"60",1,1
"338","hsa-miR-483-5p",0,-2.146453085386,0.922206002768679,0.919242856758503,0.999999999997404,"60",1,1,"60",1,1
"339","hsa-miR-485-5p",0,-1.15085546375107,0.560648328519393,0.559871514387246,0.999999999997404,"60",1,1,"60",1,1
"340","hsa-miR-487a-3p/hsa-miR-154-3p",0,-2.1354850803906,0.0283449262980372,0.0304446023686433,0.13224187696801,"60",1,1,"60",1,1
"341","hsa-miR-487b-3p",0,-3.08574394366482,0.421358765227521,0.422530466943235,0.924882489674408,"60",1,1,"60",1,1
"342","hsa-miR-491-5p",0,-2.2637212074751,0.999999999945555,0.999999999897077,0.999999999997404,"60",1,1,"60",1,1
"343","hsa-miR-494-3p",0,-2.96016279989339,0.973895850100704,0.97215641820533,0.999999999997404,"60",1,1,"60",1,1
"344","hsa-miR-496.1",0,-2.66582149413186,0.939386064119227,0.936700357900229,0.999999999997404,"60",1,1,"60",1,1
"345","hsa-miR-496.2",0,-3.6570195478071,0.265465543313046,0.269027319508924,0.685525726555453,"60",1,1,"60",1,1
"346","hsa-miR-498",0,-3.60388609279109,0.723542468239028,0.720073801734551,0.999999999997404,"60",1,1,"60",1,1
"347","hsa-miR-499a-5p",0,-1.79828682892706,0.148889659641875,0.152671419682849,0.4674698928994,"60",1,1,"60",1,1
"348","hsa-miR-500a-5p",0,-2.35076763039176,0.0108505615076372,0.0120727032695365,0.0635119533580364,"60",1,1,"60",1,1
"349","hsa-miR-5010-5p",0,-1.38017784842521,0.999685122462455,0.99961261905017,0.999999999997404,"60",1,1,"60",1,1
"350","hsa-miR-506-5p",0,-1.37835662113664,9.63166379770459e-05,0.000117672338631049,0.00124361776682127,"60",1,1,"60",1,1
"351","hsa-miR-508-3p",0,-2.61411529929871,0.986452970336277,0.985177410819585,0.999999999997404,"60",1,1,"60",1,1
"352","hsa-miR-510-5p",0,-2.41381304339051,0.722354177288256,0.719017541356887,0.999999999997404,"60",1,1,"60",1,1
"353","hsa-miR-513a-5p",0,-1.31244976549015,0.245504278079875,0.248489050098007,0.659750153973837,"60",1,1,"60",1,1
"354","hsa-miR-514a-3p",0,-2.13023861440824,0.0709034656500614,0.0743287740615978,0.261875227061137,"60",1,1,"60",1,1
"355","hsa-miR-514a-5p",0,-1.75624371531797,0.142545249412594,0.1463145737228,0.456769083884151,"60",1,1,"60",1,1
"356","hsa-miR-514b-5p/hsa-miR-513c-5p",0,-1.51876021155802,0.00226015782525764,0.00256515456199713,0.0181731249898828,"60",1,1,"60",1,1
"357","hsa-miR-516a-5p",0,-2.46249517541092,0.765701656495782,0.762132771869068,0.999999999997404,"60",1,1,"60",1,1
"358","hsa-miR-516b-5p",0,-1.66506846093891,0.9543503544939,0.951566285144494,0.999999999997404,"60",1,1,"60",1,1
"359","hsa-miR-517c-3p/hsa-miR-517a-3p",0,-4.03930065143645,0.999906373714592,0.999889333693635,0.999999999997404,"60",1,1,"60",1,1
"360","hsa-miR-518d-5p/hsa-miR-518e-5p",0,-2.54633850268346,0.921530796179112,0.91824857699131,0.999999999997404,"60",1,1,"60",1,1
"361","hsa-miR-5194",0,-1.53076717245587,0.999971471616072,0.99996238496092,0.999999999997404,"60",1,1,"60",1,1
"362","hsa-miR-520g-3p",0,-2.26265834930406,0.194311728500938,0.198232846864705,0.557534959554979,"60",1,1,"60",1,1
"363","hsa-miR-524-3p/hsa-miR-525-3p",0,-2.95688226208452,0.538349397197792,0.537572690696964,0.999999999997404,"60",1,1,"60",1,1
"364","hsa-miR-526b-5p",0,-2.21180976211642,0.871212446596764,0.867300091283799,0.999999999997404,"60",1,1,"60",1,1
"365","hsa-miR-532-3p",0,-1.29762024013956,0.161758894542059,0.16540380697398,0.500085596506788,"60",1,1,"60",1,1
"366","hsa-miR-539-3p/hsa-miR-485-3p",0,-1.67789483599713,0.738854270106847,0.735607578094872,0.999999999997404,"60",1,1,"60",1,1
"367","hsa-miR-541-5p",0,-3.26579556427709,0.999779762998044,0.999738771700985,0.999999999997404,"60",1,1,"60",1,1
"368","hsa-miR-543",1,-2.25117544771385,0.000771374916707144,0.000939300805901144,0.00720496996669014,"60",1,1,"60",1,1
"369","hsa-miR-544a",0,-3.38464624547667,0.998370191533081,0.998150822540255,0.999999999997404,"60",1,1,"60",1,1
"370","hsa-miR-551a/hsa-miR-551b-3p",0,-4.20804850442811,0.9995865114355,0.999528818012715,0.999999999997404,"60",1,1,"60",1,1
"371","hsa-miR-552-5p",0,-3.9519298047309,0.0286172626696149,0.0319477839787011,0.13224187696801,"60",1,1,"60",1,1
"372","hsa-miR-556-5p",1,-2.13683713235132,0.00589101173351018,0.00661325654793766,0.0397869869386303,"60",1,1,"60",1,1
"373","hsa-miR-5579-3p",0,-2.69989856124551,0.943422637056077,0.940634776351956,0.999999999997404,"60",1,1,"60",1,1
"374","hsa-miR-5581-3p",0,-2.0899622895825,0.942452113117201,0.939651577976568,0.999999999997404,"60",1,1,"60",1,1
"375","hsa-miR-5586-5p",0,-2.32245540456193,0.982621354131949,0.981213553778329,0.999999999997404,"60",1,1,"60",1,1
"376","hsa-miR-561-5p",0,-3.18006793997513,0.999527226371399,0.999442491749,0.999999999997404,"60",1,1,"60",1,1
"377","hsa-miR-5687",0,-2.47018932011832,0.00410643606447303,0.00474786789643348,0.0286146894016454,"60",1,1,"60",1,1
"378","hsa-miR-574-3p",0,-3.28657267179969,0.995750350602575,0.995290821495057,0.999999999997404,"60",1,1,"60",1,1
"379","hsa-miR-574-5p",0,-2.91821689446748,0.980454472199599,0.979001191146088,0.999999999997404,"60",1,1,"60",1,1
"380","hsa-miR-576-5p",0,-3.67320023273772,0.488177878882464,0.488130827179052,0.999999999997404,"60",1,1,"60",1,1
"381","hsa-miR-577",0,-3.0613794750461,0.499775489375783,0.499689971384433,0.999999999997404,"60",1,1,"60",1,1
"382","hsa-miR-579-3p",0,-3.44915600488987,0.891303885563491,0.887721957848412,0.999999999997404,"60",1,1,"60",1,1
"383","hsa-miR-579-5p",2,-3.53657401121405,0.758394948262175,0.754586176525836,0.999999999997404,"60",1,1,"60",1,1
"384","hsa-miR-580-3p",0,-3.04144824801186,0.885022307787035,0.881433106834114,0.999999999997404,"60",1,1,"60",1,1
"385","hsa-miR-582-5p",0,-2.0400881309336,0.71213156309839,0.7090327053378,0.999999999997404,"60",1,1,"60",1,1
"386","hsa-miR-584-5p",0,-2.90299422399177,0.838947122382978,0.834971992895152,0.999999999997404,"60",1,1,"60",1,1
"387","hsa-miR-585-3p",0,-3.13493672948477,0.998816662840994,0.998637234668338,0.999999999997404,"60",1,1,"60",1,1
"388","hsa-miR-588",0,-2.00323818006803,0.79124232551741,0.787349942327791,0.999999999997404,"60",1,1,"60",1,1
"389","hsa-miR-589-5p",0,-3.17364902129633,0.999939038143593,0.999925191449812,0.999999999997404,"60",1,1,"60",1,1
"390","hsa-miR-605-3p",0,-1.77763038888672,0.999971893555365,0.999963718508854,0.999999999997404,"60",1,1,"60",1,1
"391","hsa-miR-615-3p",0,-2.83023455438776,0.865155338918997,0.861539055015793,0.999999999997404,"60",1,1,"60",1,1
"392","hsa-miR-616-3p",0,-2.20499543072437,0.758869059965359,0.755182903005308,0.999999999997404,"60",1,1,"60",1,1
"393","hsa-miR-624-5p",0,-2.29972819141172,0.984065524638292,0.982741342941352,0.999999999997404,"60",1,1,"60",1,1
"394","hsa-miR-625-3p",0,-4.20831439930738,0.919615057417675,0.916907413862148,0.999999999997404,"60",1,1,"60",1,1
"395","hsa-miR-625-5p",1,-1.37870911698878,0.99999892118231,0.999998387785567,0.999999999997404,"60",1,1,"60",1,1
"396","hsa-miR-627-5p",0,-2.92677965445275,0.246467027908221,0.250074095600796,0.659750153973837,"60",1,1,"60",1,1
"397","hsa-miR-628-5p",0,-1.98856155116976,0.705988003575806,0.703039839254639,0.999999999997404,"60",1,1,"60",1,1
"398","hsa-miR-642a-5p",0,-3.17860802115627,0.988962700870806,0.987970990368043,0.999999999997404,"60",1,1,"60",1,1
"399","hsa-miR-642b-5p",0,-2.48633956882833,0.774266388720844,0.770642926876229,0.999999999997404,"60",1,1,"60",1,1
"400","hsa-miR-6509-3p",0,-2.08320988986116,0.962385230216865,0.959835197258072,0.999999999997404,"60",1,1,"60",1,1
"401","hsa-miR-6509-5p",0,-2.33652159403415,0.904809612420988,0.901247377041461,0.999999999997404,"60",1,1,"60",1,1
"402","hsa-miR-651-5p",0,-2.22448688011933,0.0219226605796689,0.0238347112140687,0.1106212413158,"60",1,1,"60",1,1
"403","hsa-miR-652-3p",0,-3.52839082980214,0.901007869159193,0.897668114451069,0.999999999997404,"60",1,1,"60",1,1
"404","hsa-miR-653-5p",0,-1.90854649869272,0.40509091211304,0.406575986321568,0.898156113220327,"60",1,1,"60",1,1
"405","hsa-miR-654-3p",0,-2.59569416690013,0.364695427810459,0.36669224717654,0.838226663920375,"60",1,1,"60",1,1
"406","hsa-miR-654-5p",0,-1.35306839192845,0.99764588201097,0.99730127300334,0.999999999997404,"60",1,1,"60",1,1
"407","hsa-miR-655-3p",0,-1.78329905615917,0.60427797119026,0.602740816451111,0.999999999997404,"60",1,1,"60",1,1
"408","hsa-miR-660-5p",0,-2.84443956816193,0.994410031341396,0.993767179870785,0.999999999997404,"60",1,1,"60",1,1
"409","hsa-miR-665",0,-1.52014379406853,0.707509193548476,0.704755974056426,0.999999999997404,"60",1,1,"60",1,1
"410","hsa-miR-668-3p",0,-2.6437714795689,0.797214208809622,0.793404310600138,0.999999999997404,"60",1,1,"60",1,1
"411","hsa-miR-670-5p",0,-2.22697002760275,0.160552541147325,0.164313834795786,0.49987635151543,"60",1,1,"60",1,1
"412","hsa-miR-671-3p",0,-3.61521428136954,0.985152057277906,0.98401907843773,0.999999999997404,"60",1,1,"60",1,1
"413","hsa-miR-671-5p",0,-2.5419014051904,0.999477129090236,0.999384259110863,0.999999999997404,"60",1,1,"60",1,1
"414","hsa-miR-6720-5p",0,-1.37453960744437,0.517459295437815,0.517271213277417,0.999999999997404,"60",1,1,"60",1,1
"415","hsa-miR-6746-5p",0,-1.55779539136332,0.932434839399088,0.929164823524075,0.999999999997404,"60",1,1,"60",1,1
"416","hsa-miR-675-3p",0,-2.33271705472764,0.134953842917109,0.138933266009459,0.435623066475079,"60",1,1,"60",1,1
"417","hsa-miR-676-3p",0,-1.71864469232856,0.109457155779978,0.113370752254939,0.364027965056138,"60",1,1,"60",1,1
"418","hsa-miR-744-5p",0,-1.9463927678012,0.999515014190267,0.999422982481492,0.999999999997404,"60",1,1,"60",1,1
"419","hsa-miR-758-3p",0,-2.47864986872814,0.577354817068512,0.576159058667009,0.999999999997404,"60",1,1,"60",1,1
"420","hsa-miR-760",0,-1.19050362567975,0.275007463038728,0.277935642100279,0.701908582988381,"60",1,1,"60",1,1
"421","hsa-miR-766-5p",0,-0.885518021803195,0.840830090474357,0.8376041002096,0.999999999997404,"60",1,1,"60",1,1
"422","hsa-miR-770-5p",0,-2.5070377806746,0.529734884505122,0.529268350440657,0.999999999997404,"60",1,1,"60",1,1
"423","hsa-miR-873-3p",0,-2.8625560069689,0.925063793762771,0.921960844057704,0.999999999997404,"60",1,1,"60",1,1
"424","hsa-miR-873-5p.2",0,-1.53095895279789,0.769462443819403,0.765812988108219,0.999999999997404,"60",1,1,"60",1,1
"425","hsa-miR-875-5p",0,-3.09147265659777,0.879875376910615,0.876138721997825,0.999999999997404,"60",1,1,"60",1,1
"426","hsa-miR-876-5p",0,-2.19742422951874,0.0360188759312809,0.0385146051839543,0.155022416998356,"60",1,1,"60",1,1
"427","hsa-miR-877-5p",0,-2.36992293068397,0.34770072418085,0.350131251862051,0.815095288323091,"60",1,1,"60",1,1
"428","hsa-miR-885-5p",0,-3.15646085349539,0.989690930209593,0.988732149022656,0.999999999997404,"60",1,1,"60",1,1
"429","hsa-miR-887-3p",0,-3.5283065242338,0.940961491031447,0.938345688585323,0.999999999997404,"60",1,1,"60",1,1
"430","hsa-miR-888-5p",0,-2.45270391925474,0.723333621007433,0.7201275572475,0.999999999997404,"60",1,1,"60",1,1
"431","hsa-miR-889-3p",0,-2.12004996038227,1.12603509514366e-08,2.10718654095287e-08,5.49254896408962e-07,"60",1,1,"60",1,1
"432","hsa-miR-892c-5p",0,-2.15308111191865,0.32506886300562,0.327773805109433,0.77137962626739,"60",1,1,"60",1,1
"433","hsa-miR-9-3p",0,-2.69513700273067,0.647245423514844,0.64495784977421,0.999999999997404,"60",1,1,"60",1,1
"434","hsa-miR-9-5p",0,-2.31245021351905,0.991569782085569,0.990687520418449,0.999999999997404,"60",1,1,"60",1,1
"435","hsa-miR-934",0,-1.84590893231952,0.0157609074072385,0.0170872318020736,0.0887056198945857,"60",1,1,"60",1,1
"436","hsa-miR-941",0,-2.11295411715627,0.604184199546777,0.602583655769209,0.999999999997404,"60",1,1,"60",1,1
"437","hsa-miR-944",0,-3.46212807785795,0.0239093880260984,0.026375730839431,0.117253607313516,"60",1,1,"60",1,1
"438","hsa-miR-95-3p",0,-2.95466807906051,0.578591849384325,0.577233050828116,0.999999999997404,"60",1,1,"60",1,1
"439","hsa-miR-96-5p/hsa-miR-1271-5p",1,-2.13776049413193,0.999931897034826,0.999915995838817,0.999999999997404,"60",1,1,"60",1,1
